MentorId,CompanyId,MentorFirstName,MentorLastName,MentorEmail,MentorPhone
1,1,John,Doe,john.doe@example.com,123-456-7890
2,2,Jane,Smith,jane.smith@example.com,987-654-3210
3,3,James,Brown,james.brown@example.com,456-789-0123
4,4,Emily,White,emily.white@example.com,321-654-0987
5,5,Michael,Johnson,michael.johnson@example.com,789-012-3456
6,6,Sophia,Miller,sophia.miller@example.com,654-321-7890
7,7,Daniel,Clark,daniel.clark@example.com,147-258-3690
8,8,Olivia,Evans,olivia.evans@example.com,369-147-2580
9,9,Ethan,Wilson,ethan.wilson@example.com,741-852-9630
10,10,Ava,Roberts,ava.roberts@example.com,852-963-7410
